train,,,,,
80,70,60,50,85,Student has a A grade.
80,70,60,50,80,Student has a A grade.
80,70,60,50,79,Student has a B grade.
80,70,60,50,75,Student has a B grade.
80,70,60,50,70,Student has a B grade.
80,70,60,50,69,Student has a C grade.
80,70,60,50,65,Student has a C grade.
80,70,60,50,60,Student has a C grade.
80,70,60,50,59,Student has a D grade.
80,70,60,50,55,Student has a D grade.
80,70,60,50,50,Student has a D grade.
80,70,60,50,49,Student has a F grade.
80,70,60,50,45,Student has a F grade.
90,80,70,60,100,Student has a A grade.
90,80,70,60,0,Student has a F grade.
4,3,2,1,5,Student has a A grade.
4,3,2,1,4,Student has a A grade.
4,3,2,1,3,Student has a B grade.
4,3,2,1,2,Student has a C grade.
4,3,2,1,1,Student has a D grade.
4,3,2,1,0,Student has a F grade.
100,99,98,97,100,Student has a A grade.
100,99,98,97,99,Student has a B grade.
100,99,98,97,98,Student has a C grade.
100,99,98,97,97,Student has a D grade.
100,99,98,97,96,Student has a F grade.
98,48,27,3,55,Student has a B grade.
98,48,27,3,14,Student has a D grade.
98,48,27,3,1,Student has a F grade.
45,30,27,0,1,Student has a D grade.
45,30,27,0,0,Student has a D grade.
48,46,44,42,40,Student has a F grade.
48,46,44,42,41,Student has a F grade.
48,46,44,42,42,Student has a D grade.
48,46,44,42,43,Student has a D grade.
48,46,44,42,44,Student has a C grade.
48,46,44,42,45,Student has a C grade.
48,46,44,42,46,Student has a B grade.
48,46,44,42,47,Student has a B grade.
48,46,44,42,48,Student has a A grade.
48,46,44,42,49,Student has a A grade.
100,90,76,63,55,Student has a F grade.
96,91,53,17,96,Student has a A grade.
61,48,47,28,40,Student has a D grade.
92,66,57,54,16,Student has a F grade.
50,42,34,1,33,Student has a D grade.
80,67,44,10,45,Student has a C grade.
71,24,13,0,58,Student has a B grade.
76,52,33,26,10,Student has a F grade.
94,64,47,43,47,Student has a C grade.
95,89,34,13,27,Student has a D grade.
94,87,73,13,55,Student has a D grade.
79,69,62,61,35,Student has a F grade.
94,73,42,15,26,Student has a D grade.
87,51,40,3,62,Student has a B grade.
87,73,60,6,82,Student has a B grade.
92,76,73,70,77,Student has a B grade.
77,69,39,22,71,Student has a B grade.
90,35,23,11,3,Student has a F grade.
69,38,16,1,72,Student has a A grade.
84,71,41,16,86,Student has a A grade.
100,97,69,30,5,Student has a F grade.
70,55,40,9,21,Student has a D grade.
97,96,37,8,30,Student has a D grade.
100,87,59,56,52,Student has a F grade.
100,63,60,53,62,Student has a C grade.
51,35,24,8,10,Student has a D grade.
64,62,32,30,63,Student has a B grade.
98,69,48,25,75,Student has a B grade.
77,63,37,12,8,Student has a F grade.
83,78,74,49,37,Student has a F grade.
82,64,11,4,75,Student has a B grade.
85,83,33,5,74,Student has a C grade.
77,35,33,28,11,Student has a F grade.
99,71,60,22,87,Student has a B grade.
88,79,76,23,66,Student has a D grade.
99,65,30,11,18,Student has a D grade.
99,91,73,5,6,Student has a D grade.
98,91,45,2,35,Student has a D grade.
49,19,13,5,67,Student has a A grade.
96,92,67,27,32,Student has a D grade.
81,76,42,18,90,Student has a A grade.
85,64,34,24,3,Student has a F grade.
86,44,37,7,87,Student has a A grade.
87,84,80,69,69,Student has a D grade.
100,72,69,26,72,Student has a B grade.
94,66,65,64,37,Student has a F grade.
73,41,21,0,48,Student has a B grade.
53,49,42,29,38,Student has a D grade.
94,74,44,19,12,Student has a F grade.
98,83,70,51,62,Student has a D grade.
89,84,66,9,68,Student has a C grade.
89,58,33,14,7,Student has a F grade.
100,89,76,8,25,Student has a D grade.
46,44,23,10,38,Student has a C grade.
65,49,12,1,70,Student has a A grade.
86,81,40,6,78,Student has a C grade.
77,63,40,16,64,Student has a B grade.
79,74,65,2,77,Student has a B grade.
66,47,34,14,64,Student has a B grade.
97,60,37,15,12,Student has a F grade.
84,79,77,26,79,Student has a B grade.
100,90,73,17,59,Student has a D grade.
66,63,57,43,86,Student has a A grade.
92,91,66,1,6,Student has a D grade.
69,58,25,8,70,Student has a A grade.
89,73,60,32,6,Student has a F grade.
53,46,31,7,60,Student has a A grade.
59,30,9,4,5,Student has a D grade.
96,55,41,38,37,Student has a F grade.
96,86,84,46,28,Student has a F grade.
87,75,64,29,43,Student has a D grade.
55,39,38,19,61,Student has a A grade.
92,59,38,33,63,Student has a B grade.
83,82,49,11,63,Student has a C grade.
99,96,95,35,18,Student has a F grade.
96,85,42,37,29,Student has a F grade.
93,83,79,76,55,Student has a F grade.
100,56,42,28,68,Student has a B grade.
73,38,36,2,98,Student has a A grade.
87,69,44,17,90,Student has a A grade.
63,35,29,28,42,Student has a B grade.
87,62,1,0,81,Student has a B grade.
96,44,36,6,99,Student has a A grade.
91,76,58,43,37,Student has a F grade.
68,25,9,5,47,Student has a B grade.
91,87,52,42,2,Student has a F grade.
97,88,56,20,74,Student has a C grade.
54,32,23,3,28,Student has a C grade.
72,41,11,2,13,Student has a C grade.
84,83,52,17,86,Student has a A grade.
95,90,83,3,23,Student has a D grade.
75,59,40,24,79,Student has a A grade.
79,69,38,25,1,Student has a F grade.
95,73,51,2,86,Student has a B grade.
82,57,51,15,82,Student has a A grade.
89,83,72,2,45,Student has a D grade.
65,38,14,8,0,Student has a F grade.
29,23,21,15,91,Student has a A grade.
99,46,29,15,15,Student has a D grade.
83,77,67,55,96,Student has a A grade.
95,68,59,41,66,Student has a C grade.
87,45,44,43,74,Student has a B grade.
91,78,41,12,29,Student has a D grade.
99,95,36,1,55,Student has a C grade.
37,36,32,30,77,Student has a A grade.
71,48,18,11,99,Student has a A grade.
80,77,60,38,29,Student has a F grade.
96,67,50,0,23,Student has a D grade.
70,68,44,10,48,Student has a C grade.
83,64,19,17,78,Student has a B grade.
43,21,13,5,95,Student has a A grade.
90,40,23,3,30,Student has a C grade.
33,31,28,5,98,Student has a A grade.
88,76,30,19,22,Student has a D grade.
96,92,45,0,75,Student has a C grade.
96,77,62,59,84,Student has a B grade.
95,67,45,36,91,Student has a B grade.
89,81,28,4,98,Student has a A grade.
66,56,49,25,8,Student has a F grade.
68,32,23,1,100,Student has a A grade.
54,52,44,30,29,Student has a F grade.
86,52,9,0,1,Student has a D grade.
89,79,78,5,37,Student has a D grade.
89,88,41,5,63,Student has a C grade.
80,75,70,16,28,Student has a D grade.
96,78,44,24,67,Student has a C grade.
99,74,62,11,48,Student has a D grade.
60,53,50,33,36,Student has a D grade.
73,60,48,37,80,Student has a A grade.
89,36,34,21,96,Student has a A grade.
68,25,14,11,86,Student has a A grade.
70,56,34,5,85,Student has a A grade.
78,73,57,2,1,Student has a F grade.
48,47,36,7,54,Student has a A grade.
95,84,57,6,51,Student has a D grade.
86,53,10,2,43,Student has a C grade.
93,80,70,7,93,Student has a A grade.
63,53,52,47,4,Student has a F grade.
69,33,7,1,23,Student has a C grade.
100,85,26,5,31,Student has a C grade.
77,32,25,3,100,Student has a A grade.
67,44,41,36,61,Student has a B grade.
87,84,76,50,35,Student has a F grade.
57,55,54,20,51,Student has a D grade.
47,43,37,12,39,Student has a C grade.
96,74,55,36,92,Student has a B grade.
71,65,64,25,20,Student has a F grade.
76,66,54,46,29,Student has a F grade.
94,92,30,22,19,Student has a F grade.
88,83,58,32,9,Student has a F grade.
94,79,39,10,37,Student has a D grade.
80,67,66,57,74,Student has a B grade.
59,42,24,15,25,Student has a C grade.
87,82,57,10,2,Student has a F grade.
98,92,76,63,82,Student has a C grade.
84,57,48,7,75,Student has a B grade.
56,41,21,15,11,Student has a F grade.
93,92,57,34,77,Student has a C grade.
91,63,38,26,62,Student has a C grade.
test,,,,,
61,47,11,4,74,Student has a A grade.
80,64,41,14,68,Student has a B grade.
98,82,48,37,92,Student has a B grade.
77,52,26,14,24,Student has a D grade.
50,48,25,2,86,Student has a A grade.
55,53,21,18,69,Student has a A grade.
51,48,38,22,42,Student has a C grade.
80,36,21,13,39,Student has a B grade.
68,44,34,3,31,Student has a D grade.
62,34,22,1,90,Student has a A grade.
60,55,28,6,31,Student has a C grade.
99,32,26,11,55,Student has a B grade.
73,65,27,20,71,Student has a B grade.
92,66,52,40,25,Student has a F grade.
64,30,23,2,92,Student has a A grade.
97,78,40,31,18,Student has a F grade.
88,87,74,38,92,Student has a A grade.
84,75,48,26,82,Student has a B grade.
80,47,43,5,27,Student has a D grade.
68,49,47,18,91,Student has a A grade.
68,19,11,1,22,Student has a B grade.
75,25,21,12,95,Student has a A grade.
98,65,22,9,32,Student has a C grade.
96,74,63,36,8,Student has a F grade.
90,61,53,32,10,Student has a F grade.
96,93,64,5,67,Student has a C grade.
94,73,54,3,100,Student has a A grade.
77,42,35,3,22,Student has a D grade.
78,53,44,17,39,Student has a D grade.
82,60,48,17,22,Student has a D grade.
96,31,3,0,43,Student has a B grade.
63,56,47,10,38,Student has a D grade.
93,85,33,6,26,Student has a D grade.
64,37,23,18,9,Student has a F grade.
62,39,33,0,25,Student has a D grade.
80,34,21,14,68,Student has a B grade.
65,55,53,1,97,Student has a A grade.
97,79,77,45,51,Student has a D grade.
100,81,45,5,44,Student has a D grade.
94,59,38,17,10,Student has a F grade.
93,86,67,40,7,Student has a F grade.
100,78,49,2,42,Student has a D grade.
87,85,42,33,36,Student has a D grade.
74,57,39,19,48,Student has a C grade.
93,87,80,71,48,Student has a F grade.
78,35,34,26,9,Student has a F grade.
84,47,12,3,62,Student has a B grade.
94,86,76,4,93,Student has a B grade.
96,61,46,23,72,Student has a B grade.
95,64,63,25,85,Student has a B grade.
60,39,26,4,96,Student has a A grade.
92,89,81,1,27,Student has a D grade.
82,70,31,21,37,Student has a C grade.
60,32,18,12,53,Student has a B grade.
86,72,67,23,15,Student has a F grade.
88,86,19,2,70,Student has a C grade.
86,81,75,68,50,Student has a F grade.
95,67,56,53,40,Student has a F grade.
95,92,83,12,80,Student has a D grade.
98,61,53,5,10,Student has a D grade.
89,51,22,6,13,Student has a D grade.
88,87,59,35,23,Student has a F grade.
89,88,51,15,53,Student has a C grade.
97,80,74,54,14,Student has a F grade.
65,41,20,16,22,Student has a C grade.
60,32,28,1,43,Student has a B grade.
92,86,36,23,18,Student has a F grade.
93,70,54,12,18,Student has a D grade.
93,88,81,39,31,Student has a F grade.
82,57,41,32,89,Student has a A grade.
93,58,19,12,0,Student has a F grade.
72,58,57,55,11,Student has a F grade.
61,15,14,10,13,Student has a D grade.
79,47,34,10,0,Student has a F grade.
27,19,13,12,76,Student has a A grade.
96,77,42,26,18,Student has a F grade.
77,50,35,11,18,Student has a D grade.
96,75,60,47,62,Student has a C grade.
76,60,47,13,71,Student has a B grade.
72,58,52,2,32,Student has a D grade.
50,21,17,12,36,Student has a B grade.
100,79,68,40,72,Student has a C grade.
79,73,53,49,81,Student has a A grade.
61,54,38,18,21,Student has a D grade.
89,88,77,64,10,Student has a F grade.
92,89,67,62,14,Student has a F grade.
88,27,19,1,98,Student has a A grade.
99,90,78,14,38,Student has a D grade.
99,27,7,5,61,Student has a B grade.
39,28,14,12,68,Student has a A grade.
71,69,12,2,6,Student has a D grade.
96,91,83,38,38,Student has a D grade.
53,39,26,20,58,Student has a A grade.
98,93,42,40,30,Student has a F grade.
89,75,56,6,38,Student has a D grade.
84,63,62,50,58,Student has a D grade.
75,30,23,10,30,Student has a B grade.
90,73,41,12,21,Student has a D grade.
33,24,20,13,78,Student has a A grade.
77,69,22,20,65,Student has a C grade.
100,98,75,0,75,Student has a C grade.
97,91,70,40,50,Student has a D grade.
97,86,66,5,39,Student has a D grade.
75,74,72,4,91,Student has a A grade.
67,55,39,28,87,Student has a A grade.
89,36,34,21,89,Student has a A grade.
99,87,42,21,27,Student has a D grade.
84,60,21,13,95,Student has a A grade.
99,90,87,50,34,Student has a F grade.
98,45,32,26,73,Student has a B grade.
48,40,36,3,24,Student has a D grade.
85,70,51,13,72,Student has a B grade.
48,40,17,7,86,Student has a A grade.
86,74,63,52,99,Student has a A grade.
65,52,3,1,78,Student has a A grade.
85,50,30,22,59,Student has a B grade.
42,33,26,16,14,Student has a F grade.
98,70,54,14,24,Student has a D grade.
88,53,48,17,43,Student has a D grade.
85,39,17,12,6,Student has a F grade.
95,78,54,26,47,Student has a D grade.
53,29,18,9,33,Student has a B grade.
89,87,77,26,36,Student has a D grade.
95,59,55,49,91,Student has a B grade.
74,60,47,37,56,Student has a C grade.
73,70,54,16,88,Student has a A grade.
48,46,24,8,14,Student has a D grade.
87,65,46,32,85,Student has a B grade.
78,45,26,22,64,Student has a B grade.
56,43,18,7,72,Student has a A grade.
87,49,45,20,87,Student has a A grade.
100,96,94,56,94,Student has a C grade.
74,71,13,5,59,Student has a C grade.
85,63,61,57,82,Student has a B grade.
93,91,80,55,90,Student has a C grade.
47,42,24,12,57,Student has a A grade.
98,74,61,31,14,Student has a F grade.
95,89,67,48,21,Student has a F grade.
98,68,25,24,88,Student has a B grade.
88,58,47,18,15,Student has a F grade.
97,45,25,11,96,Student has a B grade.
87,56,48,13,26,Student has a D grade.
59,57,52,34,100,Student has a A grade.
76,68,46,0,93,Student has a A grade.
81,56,29,4,9,Student has a D grade.
84,51,47,32,75,Student has a B grade.
99,82,65,14,32,Student has a D grade.
69,68,32,1,51,Student has a C grade.
90,71,49,15,67,Student has a C grade.
78,54,51,3,4,Student has a D grade.
85,51,38,23,13,Student has a F grade.
50,24,22,0,80,Student has a A grade.
78,57,46,7,98,Student has a A grade.
85,80,61,26,51,Student has a D grade.
95,69,37,23,45,Student has a C grade.
98,60,51,11,59,Student has a C grade.
97,91,90,10,69,Student has a D grade.
92,72,68,53,79,Student has a B grade.
83,77,56,38,96,Student has a A grade.
69,48,33,6,91,Student has a A grade.
68,48,44,41,89,Student has a A grade.
95,71,28,6,90,Student has a B grade.
51,37,28,0,41,Student has a B grade.
74,53,50,40,70,Student has a B grade.
79,34,17,0,42,Student has a B grade.
100,80,75,70,73,Student has a D grade.
79,55,34,3,93,Student has a A grade.
57,56,18,15,8,Student has a F grade.
96,60,54,26,7,Student has a F grade.
99,45,30,27,6,Student has a F grade.
60,53,9,2,9,Student has a C grade.
86,71,13,5,5,Student has a D grade.
56,44,38,13,66,Student has a A grade.
60,41,23,15,17,Student has a D grade.
81,55,43,26,37,Student has a D grade.
79,64,61,23,27,Student has a D grade.
97,84,77,70,52,Student has a F grade.
74,40,37,16,70,Student has a B grade.
76,72,66,41,70,Student has a C grade.
77,44,14,2,83,Student has a A grade.
98,90,48,34,80,Student has a C grade.
99,93,35,10,17,Student has a D grade.
79,63,39,18,95,Student has a A grade.
95,80,73,59,9,Student has a F grade.
80,68,6,4,18,Student has a C grade.
66,28,17,1,27,Student has a C grade.
84,64,6,4,41,Student has a C grade.
91,64,55,0,36,Student has a D grade.
88,44,33,10,21,Student has a D grade.
93,67,52,32,8,Student has a F grade.
97,77,14,6,75,Student has a C grade.
60,35,30,26,3,Student has a F grade.
93,53,48,4,79,Student has a B grade.
84,79,76,40,72,Student has a D grade.
83,63,41,2,50,Student has a C grade.
94,80,56,48,97,Student has a A grade.
74,44,41,9,39,Student has a D grade.
90,77,47,28,70,Student has a C grade.
95,62,24,15,74,Student has a B grade.
81,77,71,50,23,Student has a F grade.
96,73,46,12,24,Student has a D grade.
88,50,32,29,64,Student has a B grade.
91,72,42,41,37,Student has a F grade.
100,96,46,23,11,Student has a F grade.
98,66,63,33,65,Student has a C grade.
87,80,66,5,88,Student has a A grade.
87,16,9,0,60,Student has a B grade.
77,61,58,21,57,Student has a D grade.
62,53,49,18,44,Student has a D grade.
87,81,54,35,65,Student has a C grade.
59,37,36,24,71,Student has a A grade.
82,51,45,13,85,Student has a A grade.
78,54,24,2,46,Student has a C grade.
54,36,32,17,22,Student has a D grade.
83,80,72,49,98,Student has a A grade.
86,74,20,10,11,Student has a D grade.
94,36,15,10,29,Student has a C grade.
78,32,22,10,87,Student has a A grade.
77,42,19,12,84,Student has a A grade.
74,69,41,27,36,Student has a D grade.
44,34,27,16,31,Student has a C grade.
83,60,37,0,69,Student has a B grade.
93,23,22,8,12,Student has a D grade.
80,65,56,31,6,Student has a F grade.
51,43,24,9,11,Student has a D grade.
97,25,24,7,5,Student has a F grade.
80,79,48,10,63,Student has a C grade.
90,74,15,5,33,Student has a C grade.
56,48,34,7,77,Student has a A grade.
81,38,33,14,18,Student has a D grade.
65,33,29,23,73,Student has a A grade.
99,54,52,10,99,Student has a A grade.
80,53,50,9,26,Student has a D grade.
44,29,12,9,1,Student has a F grade.
80,69,39,12,7,Student has a F grade.
58,48,41,37,22,Student has a F grade.
88,85,31,24,79,Student has a C grade.
74,56,13,5,9,Student has a D grade.
67,64,43,41,56,Student has a C grade.
72,46,13,3,1,Student has a F grade.
95,79,45,1,74,Student has a C grade.
75,64,31,5,9,Student has a D grade.
84,80,79,25,72,Student has a D grade.
76,70,52,27,87,Student has a A grade.
83,64,25,4,62,Student has a C grade.
76,73,54,27,17,Student has a F grade.
96,60,42,24,7,Student has a F grade.
98,53,47,29,88,Student has a B grade.
51,34,14,0,37,Student has a B grade.
65,51,14,9,20,Student has a C grade.
82,39,9,8,97,Student has a A grade.
95,79,33,17,75,Student has a C grade.
41,39,33,17,7,Student has a F grade.
59,54,22,9,29,Student has a C grade.
84,82,73,37,43,Student has a D grade.
67,50,36,0,94,Student has a A grade.
48,11,5,4,1,Student has a F grade.
100,66,20,1,36,Student has a C grade.
84,66,60,0,58,Student has a D grade.
78,75,39,28,52,Student has a C grade.
95,69,57,19,0,Student has a F grade.
59,55,50,6,19,Student has a D grade.
64,31,8,7,41,Student has a B grade.
87,84,75,15,1,Student has a F grade.
96,60,57,33,28,Student has a F grade.
88,78,49,40,64,Student has a C grade.
81,70,47,9,67,Student has a C grade.
98,55,18,5,75,Student has a B grade.
77,48,34,1,32,Student has a D grade.
86,24,14,3,47,Student has a B grade.
88,61,41,38,15,Student has a F grade.
85,72,37,5,62,Student has a C grade.
95,36,16,1,14,Student has a D grade.
96,30,27,17,2,Student has a F grade.
58,47,43,24,3,Student has a F grade.
60,47,41,13,21,Student has a D grade.
95,48,33,4,78,Student has a B grade.
89,74,61,41,66,Student has a C grade.
97,70,49,29,60,Student has a C grade.
45,35,33,8,2,Student has a F grade.
91,65,51,28,51,Student has a C grade.
79,76,61,31,19,Student has a F grade.
69,61,24,17,44,Student has a C grade.
99,76,68,54,43,Student has a F grade.
82,59,56,11,50,Student has a D grade.
39,34,27,12,27,Student has a C grade.
59,47,45,40,25,Student has a F grade.
18,15,13,7,61,Student has a A grade.
47,46,28,22,45,Student has a C grade.
68,46,45,6,37,Student has a D grade.
51,39,36,19,32,Student has a D grade.
89,77,26,21,88,Student has a B grade.
97,75,43,35,81,Student has a B grade.
94,45,32,3,48,Student has a B grade.
95,88,59,31,9,Student has a F grade.
89,60,12,10,8,Student has a F grade.
90,71,52,0,46,Student has a D grade.
65,44,11,4,90,Student has a A grade.
66,31,4,0,39,Student has a B grade.
100,57,42,9,67,Student has a B grade.
100,96,91,75,59,Student has a F grade.
63,21,5,3,63,Student has a A grade.
90,74,69,34,78,Student has a B grade.
51,18,3,2,14,Student has a C grade.
66,28,25,17,27,Student has a C grade.
45,37,29,1,88,Student has a A grade.
69,41,18,11,31,Student has a C grade.
99,90,64,1,84,Student has a C grade.
100,73,26,23,38,Student has a C grade.
92,41,34,21,78,Student has a B grade.
99,59,29,8,95,Student has a B grade.
87,28,9,2,45,Student has a B grade.
64,42,27,25,23,Student has a F grade.
92,66,40,2,41,Student has a C grade.
98,90,59,24,20,Student has a F grade.
93,81,7,3,86,Student has a B grade.
87,50,36,34,2,Student has a F grade.
94,62,19,7,63,Student has a B grade.
99,79,43,41,42,Student has a D grade.
79,48,25,15,98,Student has a A grade.
77,71,13,1,78,Student has a A grade.
81,78,59,21,99,Student has a A grade.
77,48,47,39,36,Student has a F grade.
83,74,54,36,61,Student has a C grade.
96,25,21,16,7,Student has a F grade.
99,97,31,4,76,Student has a C grade.
91,84,75,52,1,Student has a F grade.
74,43,8,4,99,Student has a A grade.
86,83,82,55,30,Student has a F grade.
77,48,8,6,23,Student has a C grade.
98,52,50,44,77,Student has a B grade.
94,49,13,10,80,Student has a B grade.
80,61,9,7,10,Student has a C grade.
100,69,62,18,59,Student has a D grade.
67,65,50,24,96,Student has a A grade.
80,43,34,22,83,Student has a A grade.
86,83,77,16,83,Student has a B grade.
100,97,41,4,7,Student has a D grade.
80,68,67,7,7,Student has a D grade.
45,22,8,6,5,Student has a F grade.
94,71,6,4,42,Student has a C grade.
88,58,55,23,16,Student has a F grade.
96,65,64,53,94,Student has a B grade.
89,75,65,27,56,Student has a D grade.
96,59,41,32,23,Student has a F grade.
98,91,78,58,18,Student has a F grade.
91,55,20,16,60,Student has a B grade.
88,66,47,14,61,Student has a C grade.
90,31,11,7,77,Student has a B grade.
81,72,60,24,43,Student has a D grade.
70,35,34,11,81,Student has a A grade.
72,47,13,7,3,Student has a F grade.
50,43,13,0,83,Student has a A grade.
71,55,40,39,74,Student has a A grade.
77,48,40,33,39,Student has a D grade.
74,41,30,17,13,Student has a F grade.
86,37,36,24,66,Student has a B grade.
80,48,25,24,59,Student has a B grade.
100,86,53,7,3,Student has a F grade.
89,43,33,12,35,Student has a C grade.
73,22,18,6,40,Student has a B grade.
84,78,72,2,19,Student has a D grade.
79,77,10,3,16,Student has a C grade.
66,45,30,1,38,Student has a C grade.
97,84,18,1,32,Student has a C grade.
73,53,32,16,15,Student has a F grade.
94,93,89,12,69,Student has a D grade.
69,37,33,3,62,Student has a B grade.
80,51,45,40,66,Student has a B grade.
51,45,31,12,64,Student has a A grade.
92,88,30,21,38,Student has a C grade.
97,73,52,26,24,Student has a F grade.
57,33,30,27,11,Student has a F grade.
90,86,36,18,70,Student has a C grade.
68,48,23,7,63,Student has a B grade.
89,83,48,36,3,Student has a F grade.
74,37,30,11,89,Student has a A grade.
94,93,40,36,99,Student has a A grade.
82,61,50,30,28,Student has a F grade.
64,48,45,28,32,Student has a D grade.
85,75,27,10,35,Student has a C grade.
45,42,35,15,70,Student has a A grade.
93,89,74,62,16,Student has a F grade.
86,54,52,5,17,Student has a D grade.
96,92,61,11,12,Student has a D grade.
88,64,47,43,50,Student has a C grade.
39,22,21,18,79,Student has a A grade.
95,75,38,3,59,Student has a C grade.
91,89,80,60,67,Student has a D grade.
90,70,66,17,13,Student has a F grade.
100,66,13,6,23,Student has a C grade.
63,57,40,20,68,Student has a A grade.
91,81,58,9,30,Student has a D grade.
68,64,61,3,99,Student has a A grade.
100,77,66,24,74,Student has a C grade.
53,40,35,3,62,Student has a A grade.
98,56,44,11,47,Student has a C grade.
90,82,55,24,38,Student has a D grade.
70,66,23,11,6,Student has a F grade.
93,79,68,2,50,Student has a D grade.
81,38,21,5,25,Student has a C grade.
99,48,40,30,91,Student has a B grade.
98,72,51,27,27,Student has a D grade.
99,86,12,7,66,Student has a C grade.
96,89,46,19,13,Student has a F grade.
95,47,17,4,77,Student has a B grade.
98,95,94,50,89,Student has a D grade.
92,54,40,28,30,Student has a D grade.
88,73,61,16,78,Student has a B grade.
97,81,51,25,41,Student has a D grade.
99,76,72,10,98,Student has a B grade.
99,68,8,2,61,Student has a C grade.
89,44,38,23,28,Student has a D grade.
75,67,19,12,23,Student has a C grade.
92,82,76,56,46,Student has a F grade.
59,52,22,9,67,Student has a A grade.
71,38,35,19,37,Student has a C grade.
60,20,18,15,93,Student has a A grade.
98,70,27,16,88,Student has a B grade.
98,85,80,59,87,Student has a B grade.
97,51,34,17,97,Student has a A grade.
97,59,34,27,32,Student has a D grade.
91,70,54,49,55,Student has a C grade.
52,43,33,18,41,Student has a C grade.
89,53,28,21,66,Student has a B grade.
94,74,41,13,78,Student has a B grade.
94,72,26,18,44,Student has a C grade.
27,24,13,11,26,Student has a B grade.
89,55,34,11,16,Student has a D grade.
69,36,29,24,91,Student has a A grade.
95,83,78,19,23,Student has a D grade.
54,46,16,0,4,Student has a D grade.
100,81,56,47,85,Student has a B grade.
94,80,68,66,84,Student has a B grade.
70,60,56,40,48,Student has a D grade.
90,87,45,26,19,Student has a F grade.
89,73,62,38,32,Student has a F grade.
82,74,18,7,90,Student has a A grade.
98,47,43,29,40,Student has a D grade.
82,46,22,20,38,Student has a C grade.
91,90,72,37,67,Student has a D grade.
72,44,33,1,97,Student has a A grade.
93,79,49,4,30,Student has a D grade.
90,57,56,22,56,Student has a C grade.
68,32,27,24,44,Student has a B grade.
96,69,38,34,40,Student has a C grade.
92,84,54,11,56,Student has a C grade.
77,75,50,35,66,Student has a C grade.
74,52,43,27,97,Student has a A grade.
87,71,63,19,30,Student has a D grade.
87,79,34,16,55,Student has a C grade.
87,80,68,7,17,Student has a D grade.
86,69,64,59,70,Student has a B grade.
81,76,64,19,56,Student has a D grade.
99,76,53,35,54,Student has a C grade.
71,64,20,4,100,Student has a A grade.
96,84,44,38,68,Student has a C grade.
89,70,53,26,65,Student has a C grade.
78,58,17,8,98,Student has a A grade.
93,90,74,50,51,Student has a D grade.
100,40,35,23,73,Student has a B grade.
69,58,50,41,41,Student has a D grade.
84,75,38,15,70,Student has a C grade.
93,78,46,18,65,Student has a C grade.
83,73,67,17,45,Student has a D grade.
80,45,7,4,85,Student has a A grade.
49,47,35,19,21,Student has a D grade.
84,49,43,9,63,Student has a B grade.
95,75,43,20,21,Student has a D grade.
54,38,34,2,2,Student has a D grade.
73,45,36,31,98,Student has a A grade.
97,87,84,36,28,Student has a F grade.
67,5,2,0,87,Student has a A grade.
97,72,57,16,12,Student has a F grade.
94,73,38,27,57,Student has a C grade.
89,76,62,8,23,Student has a D grade.
88,56,31,2,51,Student has a C grade.
93,89,11,8,49,Student has a C grade.
61,57,1,0,70,Student has a A grade.
58,35,11,4,91,Student has a A grade.
78,73,70,55,47,Student has a F grade.
91,23,18,10,46,Student has a B grade.
72,43,28,22,62,Student has a B grade.
79,68,62,35,65,Student has a C grade.
89,69,30,2,49,Student has a C grade.
87,46,6,5,19,Student has a C grade.
93,91,82,37,67,Student has a D grade.
86,74,48,25,87,Student has a A grade.
83,47,45,30,35,Student has a D grade.
47,27,14,0,43,Student has a B grade.
76,35,17,13,57,Student has a B grade.
94,87,74,3,31,Student has a D grade.
99,49,29,15,80,Student has a B grade.
67,43,20,11,31,Student has a C grade.
89,67,23,16,55,Student has a C grade.
69,52,29,1,28,Student has a D grade.
92,67,24,23,59,Student has a C grade.
75,73,38,16,76,Student has a A grade.
88,78,16,1,1,Student has a D grade.
91,85,30,3,4,Student has a D grade.
80,74,52,5,66,Student has a C grade.
83,82,31,20,44,Student has a C grade.
86,56,52,43,49,Student has a D grade.
75,57,16,14,15,Student has a D grade.
58,45,17,14,96,Student has a A grade.
92,46,32,8,92,Student has a A grade.
85,51,46,32,36,Student has a D grade.
93,90,81,31,92,Student has a B grade.
46,41,25,14,13,Student has a F grade.
66,45,39,1,94,Student has a A grade.
81,69,44,33,26,Student has a F grade.
95,56,47,23,84,Student has a B grade.
92,34,29,5,56,Student has a B grade.
84,78,76,52,66,Student has a D grade.
39,12,7,6,80,Student has a A grade.
41,26,24,21,13,Student has a F grade.
69,45,32,23,10,Student has a F grade.
74,34,26,9,27,Student has a C grade.
99,86,78,59,4,Student has a F grade.
80,73,40,33,62,Student has a C grade.
75,48,21,6,91,Student has a A grade.
71,61,29,2,51,Student has a C grade.
59,44,21,19,40,Student has a C grade.
97,50,30,16,1,Student has a F grade.
93,89,68,46,86,Student has a C grade.
84,36,31,18,54,Student has a B grade.
76,67,45,0,80,Student has a A grade.
91,78,19,2,80,Student has a B grade.
93,46,43,24,26,Student has a D grade.
64,17,10,1,5,Student has a D grade.
88,55,35,12,67,Student has a B grade.
99,55,27,26,43,Student has a C grade.
98,86,28,3,25,Student has a D grade.
94,83,73,48,50,Student has a D grade.
87,44,21,17,68,Student has a B grade.
100,54,37,28,2,Student has a F grade.
77,58,34,23,45,Student has a C grade.
74,15,13,11,84,Student has a A grade.
81,75,25,2,35,Student has a C grade.
89,88,50,37,1,Student has a F grade.
99,65,27,13,79,Student has a B grade.
85,56,53,2,29,Student has a D grade.
89,25,3,1,56,Student has a B grade.
99,74,72,31,3,Student has a F grade.
62,61,50,42,59,Student has a C grade.
91,80,68,49,78,Student has a C grade.
86,73,12,3,64,Student has a C grade.
62,60,35,21,63,Student has a A grade.
63,22,6,4,54,Student has a B grade.
71,65,60,7,30,Student has a D grade.
95,93,52,39,10,Student has a F grade.
86,47,26,24,50,Student has a B grade.
73,41,28,21,61,Student has a B grade.
52,33,10,7,41,Student has a B grade.
97,52,27,10,95,Student has a B grade.
58,56,54,3,4,Student has a D grade.
81,56,40,24,56,Student has a B grade.
36,24,2,0,45,Student has a A grade.
92,88,69,29,100,Student has a A grade.
49,44,26,19,70,Student has a A grade.
77,55,45,10,95,Student has a A grade.
100,68,38,19,21,Student has a D grade.
83,31,29,9,5,Student has a F grade.
83,58,41,36,87,Student has a A grade.
97,73,66,21,17,Student has a F grade.
86,57,13,7,36,Student has a C grade.
91,90,38,18,72,Student has a C grade.
41,36,18,7,59,Student has a A grade.
91,86,26,22,26,Student has a C grade.
67,42,29,19,88,Student has a A grade.
100,56,31,3,25,Student has a D grade.
90,47,25,1,76,Student has a B grade.
91,58,49,34,93,Student has a A grade.
78,49,48,23,98,Student has a A grade.
95,91,77,66,96,Student has a A grade.
81,73,41,34,83,Student has a A grade.
67,48,9,7,5,Student has a F grade.
62,36,35,27,47,Student has a B grade.
78,70,63,2,68,Student has a C grade.
96,56,38,0,90,Student has a B grade.
89,16,14,9,65,Student has a B grade.
52,44,27,2,85,Student has a A grade.
62,60,59,15,70,Student has a A grade.
86,84,78,10,45,Student has a D grade.
98,66,63,1,75,Student has a B grade.
66,51,38,4,35,Student has a D grade.
91,59,29,5,78,Student has a B grade.
59,58,51,5,21,Student has a D grade.
91,32,11,3,5,Student has a D grade.
61,58,28,1,14,Student has a D grade.
94,74,67,6,72,Student has a C grade.
93,47,42,29,41,Student has a D grade.
67,32,18,15,64,Student has a B grade.
88,57,45,1,66,Student has a B grade.
93,90,66,49,95,Student has a A grade.
99,79,71,67,10,Student has a F grade.
96,90,44,29,98,Student has a A grade.
90,78,65,49,92,Student has a A grade.
100,83,82,69,35,Student has a F grade.
89,79,56,1,18,Student has a D grade.
51,7,1,0,16,Student has a B grade.
77,22,21,1,58,Student has a B grade.
81,71,55,34,71,Student has a B grade.
75,54,24,4,62,Student has a B grade.
70,40,29,6,13,Student has a D grade.
95,71,66,58,95,Student has a A grade.
100,84,73,28,17,Student has a F grade.
69,62,39,2,15,Student has a D grade.
81,71,23,3,78,Student has a B grade.
60,46,39,29,13,Student has a F grade.
70,54,27,0,74,Student has a A grade.
99,67,65,14,96,Student has a B grade.
93,82,23,4,40,Student has a C grade.
70,69,57,14,69,Student has a B grade.
74,63,62,47,68,Student has a B grade.
95,67,44,11,7,Student has a F grade.
66,64,55,28,35,Student has a D grade.
79,67,46,26,30,Student has a D grade.
71,64,52,30,61,Student has a C grade.
77,47,33,4,13,Student has a D grade.
78,76,23,2,64,Student has a C grade.
86,74,64,48,50,Student has a D grade.
96,84,66,65,76,Student has a C grade.
85,75,19,12,80,Student has a B grade.
94,45,26,17,58,Student has a B grade.
88,81,62,27,85,Student has a B grade.
73,68,65,6,23,Student has a D grade.
100,93,23,11,43,Student has a C grade.
68,67,16,11,64,Student has a C grade.
77,76,53,23,7,Student has a F grade.
86,59,55,16,66,Student has a B grade.
52,50,30,24,44,Student has a C grade.
84,52,34,19,9,Student has a F grade.
91,74,33,13,20,Student has a D grade.
88,66,60,53,9,Student has a F grade.
99,94,74,33,30,Student has a F grade.
94,83,42,29,100,Student has a A grade.
60,43,38,30,24,Student has a F grade.
41,39,18,5,56,Student has a A grade.
85,48,23,16,25,Student has a C grade.
87,72,46,29,52,Student has a C grade.
94,59,39,37,56,Student has a C grade.
80,77,54,5,6,Student has a D grade.
84,27,14,7,43,Student has a B grade.
86,56,30,0,4,Student has a D grade.
96,80,68,65,99,Student has a A grade.
75,29,27,22,5,Student has a F grade.
71,30,29,20,100,Student has a A grade.
80,79,68,50,2,Student has a F grade.
99,87,54,48,73,Student has a C grade.
71,63,40,3,79,Student has a A grade.
100,67,17,4,21,Student has a C grade.
86,71,59,29,3,Student has a F grade.
42,18,17,16,93,Student has a A grade.
69,64,29,27,92,Student has a A grade.
86,47,43,27,77,Student has a B grade.
85,74,70,66,3,Student has a F grade.
72,68,49,32,75,Student has a A grade.
99,42,22,16,64,Student has a B grade.
98,83,80,25,98,Student has a A grade.
85,82,33,4,53,Student has a C grade.
87,45,37,12,14,Student has a D grade.
42,28,26,10,52,Student has a A grade.
72,70,48,45,3,Student has a F grade.
89,54,32,6,41,Student has a C grade.
100,28,13,9,80,Student has a B grade.
97,54,31,25,35,Student has a C grade.
94,61,58,54,26,Student has a F grade.
48,46,38,1,38,Student has a C grade.
78,37,25,16,66,Student has a B grade.
79,76,60,5,49,Student has a D grade.
78,76,67,62,98,Student has a A grade.
100,79,71,6,48,Student has a D grade.
57,54,10,2,14,Student has a C grade.
68,65,58,3,80,Student has a A grade.
92,34,29,7,20,Student has a D grade.
73,64,45,21,98,Student has a A grade.
92,78,62,32,85,Student has a B grade.
97,88,42,7,89,Student has a B grade.
94,20,4,2,32,Student has a B grade.
92,76,54,36,33,Student has a F grade.
82,58,20,14,44,Student has a C grade.
99,90,87,82,25,Student has a F grade.
83,61,56,48,73,Student has a B grade.
86,50,33,8,11,Student has a D grade.
90,76,30,4,66,Student has a C grade.
71,68,21,8,15,Student has a D grade.
72,66,47,19,98,Student has a A grade.
99,59,22,21,34,Student has a C grade.
74,47,30,6,2,Student has a F grade.
80,69,68,6,64,Student has a D grade.
62,50,28,10,28,Student has a C grade.
98,49,20,8,58,Student has a B grade.
64,57,34,27,80,Student has a A grade.
91,60,42,28,47,Student has a C grade.
92,69,33,24,31,Student has a D grade.
89,63,62,26,100,Student has a A grade.
92,70,28,1,18,Student has a D grade.
99,95,54,3,99,Student has a A grade.
87,45,33,18,86,Student has a B grade.
97,74,37,23,1,Student has a F grade.
99,77,73,10,82,Student has a B grade.
64,39,33,3,77,Student has a A grade.
66,55,31,11,6,Student has a F grade.
80,50,27,7,18,Student has a D grade.
68,49,45,17,55,Student has a B grade.
96,83,50,7,21,Student has a D grade.
62,61,28,21,20,Student has a F grade.
83,81,78,49,75,Student has a D grade.
96,89,61,59,55,Student has a F grade.
73,68,14,5,92,Student has a A grade.
85,48,43,30,76,Student has a B grade.
49,45,35,24,19,Student has a F grade.
92,90,19,13,9,Student has a F grade.
48,40,18,6,14,Student has a D grade.
73,67,61,56,45,Student has a F grade.
75,41,28,23,10,Student has a F grade.
75,74,65,61,65,Student has a C grade.
88,61,11,4,81,Student has a B grade.
64,55,50,35,79,Student has a A grade.
62,49,36,34,94,Student has a A grade.
93,72,67,7,71,Student has a C grade.
77,41,35,16,69,Student has a B grade.
69,66,42,7,34,Student has a D grade.
59,48,32,24,10,Student has a F grade.
84,26,21,12,85,Student has a A grade.
92,52,18,11,53,Student has a B grade.
70,20,8,5,77,Student has a A grade.
24,21,8,3,25,Student has a A grade.
71,52,24,19,23,Student has a D grade.
67,61,29,9,78,Student has a A grade.
64,48,41,2,4,Student has a D grade.
93,75,51,8,24,Student has a D grade.
91,86,76,53,44,Student has a F grade.
98,76,61,37,29,Student has a F grade.
96,47,42,8,47,Student has a B grade.
61,37,27,23,29,Student has a C grade.
79,27,25,2,57,Student has a B grade.
79,50,41,2,7,Student has a D grade.
74,70,19,4,86,Student has a A grade.
78,38,23,7,77,Student has a B grade.
99,83,82,14,41,Student has a D grade.
93,37,30,9,60,Student has a B grade.
66,49,19,15,6,Student has a F grade.
94,88,87,78,63,Student has a F grade.
91,82,65,10,86,Student has a B grade.
99,93,83,10,29,Student has a D grade.
51,43,30,7,25,Student has a D grade.
79,24,19,4,66,Student has a B grade.
86,78,52,14,63,Student has a C grade.
94,81,28,6,44,Student has a C grade.
45,44,38,15,54,Student has a A grade.
53,48,30,5,4,Student has a F grade.
91,65,36,25,23,Student has a F grade.
55,20,5,1,33,Student has a B grade.
99,98,84,64,8,Student has a F grade.
63,55,13,2,36,Student has a C grade.
68,38,17,14,66,Student has a B grade.
91,68,14,6,7,Student has a D grade.
63,55,35,29,47,Student has a C grade.
79,60,26,18,38,Student has a C grade.
100,55,22,15,21,Student has a D grade.
38,27,22,21,51,Student has a A grade.
99,29,21,18,84,Student has a B grade.
72,50,38,4,10,Student has a D grade.
91,77,74,25,85,Student has a B grade.
96,90,74,46,39,Student has a F grade.
75,74,42,7,10,Student has a D grade.
94,84,20,2,32,Student has a C grade.
87,79,61,52,71,Student has a C grade.
88,85,52,43,51,Student has a D grade.
93,66,55,3,56,Student has a C grade.
100,38,15,11,61,Student has a B grade.
97,78,63,46,96,Student has a B grade.
89,33,17,3,13,Student has a D grade.
71,63,19,11,62,Student has a C grade.
66,49,47,29,56,Student has a B grade.
99,81,77,63,60,Student has a F grade.
50,40,33,16,65,Student has a A grade.
98,59,30,1,19,Student has a D grade.
46,40,28,14,16,Student has a D grade.
100,93,81,29,39,Student has a D grade.
86,84,59,4,100,Student has a A grade.
91,90,56,53,15,Student has a F grade.
97,78,52,36,26,Student has a F grade.
82,74,61,49,15,Student has a F grade.
92,75,9,4,23,Student has a C grade.
92,91,49,22,60,Student has a C grade.
87,85,81,59,14,Student has a F grade.
97,83,77,32,67,Student has a D grade.
91,89,40,27,8,Student has a F grade.
86,84,82,35,8,Student has a F grade.
22,13,9,4,16,Student has a B grade.
93,57,15,1,84,Student has a B grade.
80,76,58,12,64,Student has a C grade.
69,64,25,6,98,Student has a A grade.
88,64,47,24,44,Student has a D grade.
87,62,51,17,14,Student has a F grade.
88,86,71,23,56,Student has a D grade.
88,82,46,21,16,Student has a F grade.
70,65,48,14,64,Student has a C grade.
100,92,65,52,76,Student has a C grade.
59,36,24,12,6,Student has a F grade.
85,71,64,59,70,Student has a C grade.
99,45,37,33,87,Student has a B grade.
62,50,36,16,62,Student has a A grade.
93,68,45,42,77,Student has a B grade.
92,85,74,70,26,Student has a F grade.
53,19,14,11,28,Student has a B grade.
94,91,56,1,50,Student has a D grade.
75,61,56,4,38,Student has a D grade.
97,70,50,17,16,Student has a F grade.
90,68,51,41,23,Student has a F grade.
77,47,37,29,92,Student has a A grade.
70,64,9,4,58,Student has a C grade.
84,68,28,12,38,Student has a C grade.
86,74,49,39,67,Student has a C grade.
100,98,75,11,35,Student has a D grade.
89,86,34,25,28,Student has a D grade.
76,64,45,32,85,Student has a A grade.
77,37,10,6,10,Student has a C grade.
96,46,24,22,22,Student has a D grade.
98,97,48,38,78,Student has a C grade.
97,74,20,14,43,Student has a C grade.
99,90,86,52,26,Student has a F grade.
65,22,6,5,37,Student has a B grade.
54,50,42,15,90,Student has a A grade.
96,81,42,40,13,Student has a F grade.
35,23,17,15,89,Student has a A grade.
97,92,10,1,15,Student has a C grade.
62,25,18,17,56,Student has a B grade.
82,75,56,32,11,Student has a F grade.
91,86,82,54,74,Student has a D grade.
87,77,37,35,41,Student has a C grade.
98,92,54,46,41,Student has a F grade.
91,61,55,39,92,Student has a A grade.
82,80,78,72,85,Student has a A grade.
94,90,56,40,41,Student has a D grade.
67,48,42,10,30,Student has a D grade.
99,71,40,26,12,Student has a F grade.
88,34,4,0,14,Student has a C grade.
85,71,30,28,82,Student has a B grade.
97,95,75,22,11,Student has a F grade.
67,54,18,3,60,Student has a B grade.
96,68,42,19,93,Student has a B grade.
90,73,65,64,65,Student has a C grade.
98,92,78,77,39,Student has a F grade.
89,54,49,20,9,Student has a F grade.
89,57,44,17,97,Student has a A grade.
97,92,85,5,55,Student has a D grade.
94,41,19,18,8,Student has a F grade.
90,59,11,4,53,Student has a C grade.
88,43,37,36,84,Student has a B grade.
72,59,42,7,95,Student has a A grade.
40,26,11,7,67,Student has a A grade.
69,20,17,9,73,Student has a A grade.
75,48,33,24,18,Student has a F grade.
96,90,66,26,66,Student has a C grade.
80,25,21,1,41,Student has a B grade.
88,77,60,59,57,Student has a F grade.
49,31,22,1,30,Student has a C grade.
99,77,57,11,79,Student has a B grade.
93,91,82,58,70,Student has a D grade.
98,89,67,14,1,Student has a F grade.
71,33,5,1,6,Student has a C grade.
82,65,62,35,1,Student has a F grade.
74,60,24,2,60,Student has a B grade.
95,68,47,46,78,Student has a B grade.
79,55,45,5,31,Student has a D grade.
93,80,45,33,90,Student has a B grade.
73,61,26,3,37,Student has a C grade.
71,57,31,5,88,Student has a A grade.
82,71,59,46,17,Student has a F grade.
98,73,50,13,51,Student has a C grade.
74,67,37,14,20,Student has a D grade.
78,77,70,64,28,Student has a F grade.
82,49,39,25,26,Student has a D grade.
75,65,54,42,68,Student has a B grade.
93,75,10,0,81,Student has a B grade.
88,74,67,23,99,Student has a A grade.
99,80,46,25,46,Student has a C grade.
85,81,56,15,21,Student has a D grade.
88,64,62,8,76,Student has a B grade.
75,73,72,63,94,Student has a A grade.
92,73,26,11,51,Student has a C grade.
99,54,25,0,88,Student has a B grade.
74,72,62,34,96,Student has a A grade.
78,69,61,46,57,Student has a D grade.
96,70,53,15,62,Student has a C grade.
64,41,37,27,1,Student has a F grade.
79,50,32,31,14,Student has a F grade.
97,79,46,36,24,Student has a F grade.
65,42,33,3,18,Student has a D grade.
57,28,23,10,3,Student has a F grade.
62,45,37,16,1,Student has a F grade.
80,34,21,5,75,Student has a B grade.
81,68,52,45,58,Student has a C grade.
72,44,40,20,33,Student has a D grade.
83,81,57,26,14,Student has a F grade.
61,44,14,8,56,Student has a B grade.
75,66,61,51,32,Student has a F grade.
95,87,73,9,11,Student has a D grade.
79,54,35,1,60,Student has a B grade.
25,20,10,1,39,Student has a A grade.
99,39,26,10,68,Student has a B grade.
70,66,64,41,73,Student has a A grade.
100,98,37,23,80,Student has a C grade.
95,52,9,8,13,Student has a C grade.
95,90,31,18,88,Student has a C grade.
24,22,19,8,2,Student has a F grade.
19,17,12,6,51,Student has a A grade.
32,24,22,2,34,Student has a A grade.
74,57,52,36,92,Student has a A grade.
100,88,65,37,19,Student has a F grade.
83,78,55,44,30,Student has a F grade.
91,64,36,13,36,Student has a C grade.
67,50,32,31,21,Student has a F grade.
68,64,47,24,93,Student has a A grade.
99,81,31,14,4,Student has a F grade.
80,71,37,33,15,Student has a F grade.
65,35,20,19,88,Student has a A grade.
92,46,36,23,19,Student has a F grade.
97,77,75,64,0,Student has a F grade.
72,47,42,4,15,Student has a D grade.
76,67,41,11,28,Student has a D grade.
100,44,28,3,44,Student has a B grade.
90,83,18,13,28,Student has a C grade.
93,63,54,43,0,Student has a F grade.
95,49,41,26,50,Student has a B grade.
80,53,51,14,0,Student has a F grade.
72,59,38,33,64,Student has a B grade.
83,81,35,8,37,Student has a C grade.
96,77,54,7,99,Student has a A grade.
97,75,25,2,5,Student has a D grade.
88,81,72,51,43,Student has a F grade.
91,74,58,8,90,Student has a B grade.
90,71,26,8,42,Student has a C grade.
90,73,34,22,35,Student has a C grade.
90,83,54,38,94,Student has a A grade.
69,60,11,2,46,Student has a C grade.
54,45,40,20,81,Student has a A grade.
82,27,14,9,56,Student has a B grade.
98,68,51,41,23,Student has a F grade.
89,55,38,17,45,Student has a C grade.
98,47,33,13,99,Student has a A grade.
72,60,54,51,97,Student has a A grade.
68,51,31,4,57,Student has a B grade.
97,68,63,17,78,Student has a B grade.
74,70,59,48,71,Student has a B grade.
89,31,22,1,32,Student has a B grade.
100,61,42,1,93,Student has a B grade.
100,77,18,6,60,Student has a C grade.
98,90,75,56,100,Student has a A grade.
100,99,70,66,1,Student has a F grade.
77,12,6,4,43,Student has a B grade.
93,67,63,19,80,Student has a B grade.
87,64,61,51,74,Student has a B grade.
98,64,27,14,54,Student has a C grade.
39,28,18,5,15,Student has a D grade.
38,33,20,19,85,Student has a A grade.
38,35,22,1,56,Student has a A grade.
73,67,40,4,40,Student has a C grade.
70,68,61,46,22,Student has a F grade.
77,36,28,10,5,Student has a F grade.
89,45,30,13,90,Student has a A grade.
90,84,46,6,9,Student has a D grade.
90,71,70,20,100,Student has a A grade.
75,65,59,10,16,Student has a D grade.
87,84,75,51,95,Student has a A grade.
56,40,26,19,85,Student has a A grade.
87,66,46,26,31,Student has a D grade.
84,80,66,4,65,Student has a D grade.
89,47,33,27,80,Student has a B grade.
80,73,53,49,64,Student has a C grade.
55,32,31,5,30,Student has a D grade.
93,89,19,11,90,Student has a B grade.
67,63,31,24,86,Student has a A grade.
90,28,20,19,5,Student has a F grade.
92,72,36,23,42,Student has a C grade.
66,58,45,29,27,Student has a F grade.
85,71,61,39,57,Student has a D grade.
92,8,5,0,91,Student has a B grade.
70,60,49,23,17,Student has a F grade.
98,93,81,25,16,Student has a F grade.
93,89,43,30,35,Student has a D grade.
48,19,12,1,24,Student has a B grade.
73,71,47,5,62,Student has a C grade.
82,36,27,23,37,Student has a B grade.
98,61,32,24,31,Student has a D grade.
79,52,37,11,100,Student has a A grade.
100,81,29,26,39,Student has a C grade.
55,48,46,39,95,Student has a A grade.
79,78,77,3,67,Student has a D grade.
94,51,40,21,89,Student has a B grade.
66,56,54,38,13,Student has a F grade.
91,80,68,28,50,Student has a D grade.
77,25,17,3,48,Student has a B grade.
37,24,9,6,75,Student has a A grade.
82,70,66,43,64,Student has a D grade.
93,59,28,23,39,Student has a C grade.
95,48,39,6,21,Student has a D grade.
97,64,55,31,84,Student has a B grade.
71,60,25,17,20,Student has a D grade.
88,47,28,19,36,Student has a C grade.
87,84,15,12,19,Student has a C grade.
64,59,46,19,81,Student has a A grade.
85,71,37,3,15,Student has a D grade.
65,46,41,35,95,Student has a A grade.
53,44,27,24,1,Student has a F grade.
98,62,46,17,85,Student has a B grade.
81,80,51,35,28,Student has a F grade.
78,48,44,27,85,Student has a A grade.
91,75,72,70,59,Student has a F grade.
87,72,57,25,16,Student has a F grade.
99,98,46,7,18,Student has a D grade.
81,63,28,13,30,Student has a C grade.
71,67,59,51,27,Student has a F grade.
64,57,52,22,54,Student has a C grade.
89,72,16,0,38,Student has a C grade.
94,44,39,34,5,Student has a F grade.
82,53,11,6,57,Student has a B grade.
85,51,45,14,72,Student has a B grade.
62,32,16,12,28,Student has a C grade.
87,46,28,11,52,Student has a B grade.
57,51,42,31,5,Student has a F grade.
86,69,54,21,53,Student has a D grade.
69,49,28,9,19,Student has a D grade.
55,54,47,37,71,Student has a A grade.
68,65,61,54,36,Student has a F grade.
89,47,35,19,89,Student has a A grade.
59,55,42,21,54,Student has a C grade.
70,64,44,20,40,Student has a D grade.
100,79,64,26,12,Student has a F grade.
84,79,24,11,76,Student has a C grade.
79,55,33,18,93,Student has a A grade.
21,18,16,0,93,Student has a A grade.
47,36,27,24,47,Student has a A grade.
76,69,65,51,8,Student has a F grade.
95,54,34,6,11,Student has a D grade.
92,48,43,32,38,Student has a D grade.
95,84,32,28,5,Student has a F grade.
68,52,31,20,42,Student has a C grade.
40,29,19,5,23,Student has a C grade.
85,80,36,21,13,Student has a F grade.
89,88,79,22,5,Student has a F grade.
96,95,81,31,46,Student has a D grade.
88,77,70,15,53,Student has a D grade.
75,51,48,47,96,Student has a A grade.
54,31,28,2,77,Student has a A grade.
87,60,50,18,42,Student has a D grade.
92,70,67,6,34,Student has a D grade.
96,83,49,6,54,Student has a C grade.
85,36,23,1,53,Student has a B grade.
48,33,30,24,8,Student has a F grade.
47,37,22,20,98,Student has a A grade.
73,42,29,18,30,Student has a C grade.
93,65,60,43,54,Student has a D grade.
99,50,20,7,59,Student has a B grade.
93,70,68,47,69,Student has a C grade.
32,23,20,9,0,Student has a F grade.
82,67,44,23,87,Student has a A grade.
100,95,51,29,87,Student has a C grade.
71,69,28,1,49,Student has a C grade.
75,68,42,39,12,Student has a F grade.
91,38,36,28,35,Student has a D grade.
58,34,25,10,67,Student has a A grade.
82,75,56,47,67,Student has a C grade.
93,49,47,14,7,Student has a F grade.
70,53,15,12,2,Student has a F grade.
75,66,62,33,2,Student has a F grade.
89,60,43,28,68,Student has a B grade.
99,75,51,21,62,Student has a C grade.
74,71,49,37,0,Student has a F grade.
90,84,51,15,68,Student has a C grade.
91,65,56,45,100,Student has a A grade.
74,31,19,5,45,Student has a B grade.
74,43,26,10,55,Student has a B grade.
98,92,70,20,7,Student has a F grade.
89,87,41,32,46,Student has a C grade.
98,92,90,79,84,Student has a D grade.
79,56,51,41,46,Student has a D grade.
100,53,48,46,50,Student has a C grade.
43,10,5,1,99,Student has a A grade.
87,61,14,1,70,Student has a B grade.
99,56,36,26,57,Student has a B grade.
96,82,73,45,83,Student has a B grade.
91,26,8,2,64,Student has a B grade.
88,66,18,14,23,Student has a C grade.
99,72,59,28,59,Student has a C grade.
79,62,47,23,43,Student has a D grade.
80,44,29,23,57,Student has a B grade.
79,46,27,23,25,Student has a D grade.
91,86,66,16,33,Student has a D grade.
100,66,35,0,44,Student has a C grade.
97,62,38,6,38,Student has a C grade.
87,86,51,42,35,Student has a F grade.
83,75,51,49,26,Student has a F grade.
77,58,45,18,7,Student has a F grade.
95,81,26,14,93,Student has a B grade.
95,58,32,9,91,Student has a B grade.
81,66,51,10,73,Student has a B grade.
97,63,16,2,49,Student has a C grade.
85,81,68,50,36,Student has a F grade.
92,27,17,9,56,Student has a B grade.
79,26,23,22,33,Student has a B grade.
83,47,33,7,38,Student has a C grade.
84,67,41,19,84,Student has a A grade.
61,30,20,10,65,Student has a A grade.
97,48,38,3,96,Student has a B grade.
47,28,20,16,83,Student has a A grade.
90,80,57,15,60,Student has a C grade.
92,78,44,17,94,Student has a A grade.
85,63,62,10,41,Student has a D grade.
97,94,50,12,8,Student has a F grade.
58,47,32,23,83,Student has a A grade.
85,81,52,39,46,Student has a D grade.
100,88,15,4,35,Student has a C grade.
82,80,39,21,80,Student has a B grade.
77,71,58,25,18,Student has a F grade.
99,94,78,69,22,Student has a F grade.
85,32,30,16,83,Student has a B grade.
75,56,52,11,2,Student has a F grade.
78,52,45,35,87,Student has a A grade.
74,72,65,54,73,Student has a B grade.
79,68,25,4,86,Student has a A grade.
95,93,34,29,42,Student has a C grade.
96,70,53,35,92,Student has a B grade.
94,92,61,33,17,Student has a F grade.
96,44,41,39,56,Student has a B grade.
82,44,32,28,71,Student has a B grade.
92,37,28,12,56,Student has a B grade.
95,82,58,28,48,Student has a D grade.
98,66,18,9,75,Student has a B grade.
79,39,14,4,68,Student has a B grade.
96,70,66,20,76,Student has a B grade.
94,87,78,18,32,Student has a D grade.
100,39,12,1,90,Student has a B grade.
81,34,30,16,70,Student has a B grade.
72,39,17,1,46,Student has a B grade.
95,73,72,20,30,Student has a D grade.
58,55,49,16,53,Student has a C grade.
85,69,6,5,54,Student has a C grade.
68,54,42,37,32,Student has a F grade.
95,65,59,38,74,Student has a B grade.
86,73,34,16,89,Student has a A grade.
71,70,22,19,37,Student has a C grade.
63,62,47,1,56,Student has a C grade.
70,60,58,10,25,Student has a D grade.
86,79,49,11,78,Student has a C grade.
77,73,36,35,51,Student has a C grade.
84,71,25,6,30,Student has a C grade.
53,35,11,7,85,Student has a A grade.
92,76,72,14,89,Student has a B grade.
81,64,54,13,5,Student has a F grade.
93,44,40,13,68,Student has a B grade.
84,69,20,19,41,Student has a C grade.
95,91,62,42,29,Student has a F grade.
97,29,24,10,81,Student has a B grade.
97,68,35,28,46,Student has a C grade.
91,53,48,8,78,Student has a B grade.
94,92,34,7,22,Student has a D grade.
58,19,5,4,67,Student has a A grade.
91,43,41,39,54,Student has a B grade.
76,46,15,14,73,Student has a B grade.
81,76,27,15,14,Student has a F grade.
81,67,57,4,0,Student has a F grade.
79,54,38,5,24,Student has a D grade.
94,54,50,37,0,Student has a F grade.
92,80,39,35,55,Student has a C grade.
80,77,11,8,45,Student has a C grade.
46,13,7,4,1,Student has a F grade.
89,83,52,7,27,Student has a D grade.
65,15,2,0,29,Student has a B grade.
80,42,25,17,31,Student has a C grade.
90,52,43,4,50,Student has a C grade.
96,89,66,2,3,Student has a D grade.
83,82,75,32,85,Student has a A grade.
42,24,17,4,24,Student has a B grade.
65,42,23,11,96,Student has a A grade.
71,59,48,6,72,Student has a A grade.
71,61,47,20,98,Student has a A grade.
92,39,36,27,95,Student has a A grade.
84,53,32,6,92,Student has a A grade.
91,73,26,13,51,Student has a C grade.
60,32,15,5,75,Student has a A grade.
100,51,43,25,60,Student has a B grade.
67,57,37,7,15,Student has a D grade.
78,52,37,10,40,Student has a C grade.
83,60,31,3,29,Student has a D grade.
43,42,41,32,13,Student has a F grade.
46,45,33,27,73,Student has a A grade.
100,88,86,66,2,Student has a F grade.
80,47,43,40,98,Student has a A grade.
100,44,36,21,58,Student has a B grade.
46,35,25,18,12,Student has a F grade.
93,64,43,25,37,Student has a D grade.
99,97,31,2,95,Student has a C grade.
86,84,22,12,69,Student has a C grade.
99,49,45,25,10,Student has a F grade.
82,65,38,8,42,Student has a C grade.
98,73,19,17,84,Student has a B grade.
80,65,23,2,64,Student has a C grade.
63,40,23,7,60,Student has a B grade.
91,72,56,14,37,Student has a D grade.
79,70,63,53,2,Student has a F grade.
78,60,32,26,90,Student has a A grade.
94,36,32,10,28,Student has a D grade.
60,39,19,8,61,Student has a A grade.
96,79,6,5,87,Student has a B grade.
98,78,66,31,86,Student has a B grade.
97,39,27,2,49,Student has a B grade.
90,48,39,7,41,Student has a C grade.
94,75,59,26,58,Student has a D grade.
94,56,18,16,33,Student has a C grade.
72,70,62,36,34,Student has a F grade.
65,56,42,30,1,Student has a F grade.
84,64,53,34,74,Student has a B grade.
76,63,30,5,74,Student has a B grade.
92,60,37,15,84,Student has a B grade.
64,63,30,22,77,Student has a A grade.
90,52,48,4,95,Student has a A grade.
80,78,73,22,86,Student has a A grade.
98,54,26,8,71,Student has a B grade.
81,75,72,41,56,Student has a D grade.
40,29,25,16,56,Student has a A grade.
84,82,76,59,94,Student has a A grade.
36,21,1,0,90,Student has a A grade.
96,60,54,2,25,Student has a D grade.
70,51,48,34,57,Student has a B grade.
83,79,40,18,58,Student has a C grade.
82,56,41,4,80,Student has a B grade.
80,75,69,47,55,Student has a D grade.
64,44,43,39,67,Student has a A grade.
87,61,60,30,28,Student has a F grade.
92,57,42,7,28,Student has a D grade.
80,50,33,11,61,Student has a B grade.
98,66,53,50,38,Student has a F grade.
97,74,22,10,67,Student has a C grade.
77,72,35,4,10,Student has a D grade.
82,61,45,1,84,Student has a A grade.
78,69,43,14,73,Student has a B grade.
95,79,29,22,50,Student has a C grade.
92,71,64,23,67,Student has a C grade.
70,66,49,18,82,Student has a A grade.
91,90,80,10,61,Student has a D grade.
88,84,59,28,12,Student has a F grade.
95,55,43,33,23,Student has a F grade.
41,39,27,8,19,Student has a D grade.
86,62,39,33,58,Student has a C grade.
80,50,39,7,11,Student has a D grade.
48,36,13,7,1,Student has a F grade.
67,64,61,56,61,Student has a C grade.
98,93,48,20,36,Student has a D grade.
68,60,35,30,84,Student has a A grade.
79,57,7,1,7,Student has a C grade.
80,79,37,5,38,Student has a C grade.
94,80,79,22,55,Student has a D grade.
72,39,31,12,73,Student has a A grade.
93,49,27,18,3,Student has a F grade.
63,47,3,0,47,Student has a B grade.
82,68,64,57,46,Student has a F grade.
93,89,80,3,72,Student has a D grade.
46,32,7,2,29,Student has a C grade.
100,99,93,27,75,Student has a D grade.
57,54,51,25,30,Student has a D grade.
95,74,27,11,83,Student has a B grade.
95,94,62,17,44,Student has a D grade.
94,69,67,33,36,Student has a D grade.
67,35,33,17,22,Student has a D grade.
81,41,19,18,12,Student has a F grade.
91,20,3,0,46,Student has a B grade.
88,62,46,41,38,Student has a F grade.
89,67,28,21,58,Student has a C grade.
73,72,22,13,61,Student has a C grade.
83,64,33,9,4,Student has a F grade.
96,57,32,24,95,Student has a B grade.
86,59,11,8,91,Student has a A grade.
96,42,39,20,77,Student has a B grade.
94,58,18,16,30,Student has a C grade.
82,42,40,2,37,Student has a D grade.
98,88,52,10,56,Student has a C grade.
97,70,52,47,67,Student has a C grade.
81,51,15,8,58,Student has a B grade.
91,85,69,24,56,Student has a D grade.
86,83,46,27,89,Student has a A grade.
100,80,61,29,6,Student has a F grade.
93,68,36,18,21,Student has a D grade.
73,71,69,56,0,Student has a F grade.
73,58,56,15,2,Student has a F grade.
66,62,47,1,47,Student has a C grade.
79,34,18,4,36,Student has a B grade.
49,35,24,1,7,Student has a D grade.
93,86,52,21,98,Student has a A grade.
75,61,31,30,23,Student has a F grade.
84,59,8,2,81,Student has a B grade.
90,71,27,15,48,Student has a C grade.
30,29,21,8,9,Student has a D grade.
98,74,68,42,2,Student has a F grade.
84,60,52,18,68,Student has a B grade.
70,56,33,1,76,Student has a A grade.
83,69,57,50,3,Student has a F grade.
93,51,19,8,26,Student has a C grade.
67,62,41,10,14,Student has a D grade.
93,90,71,44,40,Student has a F grade.
96,90,12,1,68,Student has a C grade.
70,31,30,4,7,Student has a D grade.
35,34,29,21,9,Student has a F grade.
87,59,45,39,37,Student has a F grade.
87,86,49,39,37,Student has a F grade.
68,52,32,22,81,Student has a A grade.
60,38,26,5,100,Student has a A grade.
86,35,34,14,38,Student has a B grade.
90,87,66,32,68,Student has a C grade.
92,78,75,67,18,Student has a F grade.
41,19,12,10,54,Student has a A grade.
85,65,16,9,11,Student has a D grade.
64,61,47,45,14,Student has a F grade.
78,57,40,1,43,Student has a C grade.
96,76,73,2,67,Student has a D grade.
84,82,75,51,94,Student has a A grade.
93,88,51,9,49,Student has a D grade.
95,81,56,13,16,Student has a D grade.
85,65,52,47,1,Student has a F grade.
27,22,12,1,75,Student has a A grade.
91,69,17,14,88,Student has a B grade.
91,25,14,10,85,Student has a B grade.
96,90,60,28,95,Student has a B grade.
75,67,65,52,92,Student has a A grade.
44,38,1,0,63,Student has a A grade.
90,89,72,9,41,Student has a D grade.
91,65,52,8,32,Student has a D grade.
64,11,6,2,36,Student has a B grade.
79,70,37,24,2,Student has a F grade.
77,62,30,17,12,Student has a F grade.
76,56,28,16,20,Student has a D grade.
100,90,45,38,75,Student has a C grade.
70,68,61,39,74,Student has a A grade.
68,20,16,13,26,Student has a B grade.
73,39,37,30,49,Student has a B grade.
92,65,11,1,40,Student has a C grade.
60,58,35,31,88,Student has a A grade.
80,68,52,26,61,Student has a C grade.
99,86,60,9,13,Student has a D grade.
48,45,40,19,36,Student has a D grade.
94,88,58,9,9,Student has a D grade.
94,92,65,58,56,Student has a F grade.
84,57,26,6,90,Student has a A grade.
66,63,48,40,81,Student has a A grade.
66,46,27,25,96,Student has a A grade.
93,91,67,65,52,Student has a F grade.
96,61,60,30,93,Student has a B grade.
96,91,68,6,27,Student has a D grade.
71,61,24,5,79,Student has a A grade.
81,36,28,18,3,Student has a F grade.
79,69,42,37,43,Student has a C grade.
81,80,79,26,85,Student has a A grade.
78,77,67,18,18,Student has a D grade.
80,43,41,34,19,Student has a F grade.
89,75,13,8,67,Student has a C grade.
51,47,42,12,4,Student has a F grade.
88,73,53,23,25,Student has a D grade.
61,32,30,27,90,Student has a A grade.
90,57,43,13,43,Student has a C grade.
82,78,53,12,13,Student has a D grade.
95,74,47,38,83,Student has a B grade.
86,80,25,14,73,Student has a C grade.
77,57,46,23,98,Student has a A grade.
96,80,76,12,83,Student has a B grade.
49,36,13,12,57,Student has a A grade.
54,30,12,8,57,Student has a A grade.
79,76,53,49,60,Student has a C grade.
44,25,12,9,63,Student has a A grade.
100,71,60,27,73,Student has a B grade.
97,68,67,50,95,Student has a B grade.
85,82,40,0,62,Student has a C grade.
87,77,50,44,41,Student has a F grade.
83,52,51,17,53,Student has a B grade.
95,79,75,8,74,Student has a D grade.
86,79,44,43,57,Student has a C grade.
31,30,3,0,59,Student has a A grade.
46,42,35,14,70,Student has a A grade.
84,66,37,8,38,Student has a C grade.
93,68,67,50,6,Student has a F grade.
78,63,22,20,99,Student has a A grade.
100,94,66,3,62,Student has a D grade.
44,36,27,12,69,Student has a A grade.
73,37,24,18,16,Student has a F grade.
51,43,30,10,14,Student has a D grade.
82,43,24,2,26,Student has a C grade.
100,96,72,37,71,Student has a D grade.
79,65,62,45,64,Student has a C grade.
99,64,38,15,100,Student has a A grade.
98,92,24,6,6,Student has a D grade.
86,81,69,3,58,Student has a D grade.
71,65,14,7,97,Student has a A grade.
78,60,39,14,43,Student has a C grade.
82,74,60,44,90,Student has a A grade.
99,89,63,55,58,Student has a D grade.
72,53,45,16,27,Student has a D grade.
48,32,28,9,99,Student has a A grade.
100,31,4,0,88,Student has a B grade.
89,78,70,14,94,Student has a A grade.
89,82,29,23,50,Student has a C grade.
53,51,13,4,7,Student has a D grade.
80,51,22,13,35,Student has a C grade.
91,57,22,21,37,Student has a C grade.
93,76,72,49,6,Student has a F grade.
85,35,33,29,49,Student has a B grade.
90,79,66,34,83,Student has a B grade.
72,57,44,6,86,Student has a A grade.
77,44,23,9,5,Student has a F grade.
95,88,35,6,73,Student has a C grade.
63,60,43,37,25,Student has a F grade.
97,85,82,22,76,Student has a D grade.
71,51,32,24,92,Student has a A grade.
96,70,53,13,67,Student has a C grade.
66,61,33,16,56,Student has a C grade.
98,79,77,8,67,Student has a D grade.
63,24,20,14,8,Student has a F grade.
75,43,12,11,48,Student has a B grade.
70,67,53,32,68,Student has a B grade.
100,52,43,5,87,Student has a B grade.
96,80,51,11,100,Student has a A grade.
88,84,67,50,56,Student has a D grade.
83,49,14,1,9,Student has a D grade.
54,13,5,0,37,Student has a B grade.
93,78,49,46,32,Student has a F grade.
97,96,72,62,9,Student has a F grade.
46,28,24,23,64,Student has a A grade.
76,73,54,11,56,Student has a C grade.
47,46,15,10,50,Student has a A grade.
70,60,19,7,11,Student has a D grade.
92,63,19,13,47,Student has a C grade.
63,38,24,16,61,Student has a B grade.
97,72,29,21,61,Student has a C grade.
70,53,50,23,76,Student has a A grade.
94,71,69,62,10,Student has a F grade.
96,28,18,1,53,Student has a B grade.
63,47,23,10,12,Student has a D grade.
46,38,27,18,99,Student has a A grade.
71,57,11,3,28,Student has a C grade.
93,15,14,12,91,Student has a B grade.
65,35,30,13,57,Student has a B grade.
83,81,13,3,72,Student has a C grade.
90,52,45,10,49,Student has a C grade.
78,59,46,45,51,Student has a C grade.
44,31,16,1,86,Student has a A grade.
87,59,56,42,46,Student has a D grade.
95,46,36,7,39,Student has a C grade.
87,86,29,18,25,Student has a D grade.
54,7,6,4,52,Student has a B grade.
50,38,36,26,53,Student has a A grade.
96,93,63,53,93,Student has a B grade.
99,71,68,35,3,Student has a F grade.
83,40,13,12,5,Student has a F grade.
64,57,11,3,86,Student has a A grade.
74,32,9,4,69,Student has a B grade.
99,96,65,35,19,Student has a F grade.
96,80,56,52,40,Student has a F grade.
100,83,82,72,34,Student has a F grade.
90,66,62,35,97,Student has a A grade.
79,58,57,53,74,Student has a B grade.
89,83,51,19,47,Student has a D grade.
34,32,10,5,8,Student has a D grade.
81,67,29,10,34,Student has a C grade.
93,76,37,19,17,Student has a F grade.
75,66,44,19,3,Student has a F grade.
95,56,49,16,26,Student has a D grade.
89,78,71,10,93,Student has a A grade.
76,61,38,19,72,Student has a B grade.
49,21,9,3,27,Student has a B grade.
75,70,45,31,46,Student has a C grade.
100,43,41,39,72,Student has a B grade.
83,81,72,45,41,Student has a F grade.
40,31,20,5,26,Student has a C grade.
97,24,8,4,79,Student has a B grade.
84,22,13,4,12,Student has a D grade.
66,58,18,6,98,Student has a A grade.
89,85,49,41,83,Student has a C grade.
92,67,17,7,31,Student has a C grade.
71,42,4,0,41,Student has a C grade.
69,59,49,40,75,Student has a A grade.
95,87,51,35,69,Student has a C grade.
54,37,20,17,9,Student has a F grade.
100,86,59,39,40,Student has a D grade.
63,57,30,2,46,Student has a C grade.
88,79,33,27,24,Student has a F grade.
98,87,42,24,78,Student has a C grade.
78,45,13,3,23,Student has a C grade.
87,63,62,20,10,Student has a F grade.
66,58,31,13,60,Student has a B grade.
81,47,33,8,70,Student has a B grade.
77,74,35,27,86,Student has a A grade.
84,60,36,0,87,Student has a A grade.
88,78,21,6,96,Student has a A grade.
90,84,49,2,66,Student has a C grade.
50,49,42,10,32,Student has a D grade.
62,50,41,2,59,Student has a B grade.
73,71,52,24,77,Student has a A grade.
74,61,38,9,65,Student has a B grade.
57,25,3,1,6,Student has a C grade.
89,71,44,29,50,Student has a C grade.
89,60,54,42,34,Student has a F grade.
92,58,54,0,25,Student has a D grade.
87,54,41,31,17,Student has a F grade.
63,61,44,9,73,Student has a A grade.
98,85,55,4,72,Student has a C grade.
84,71,35,2,27,Student has a D grade.
66,62,20,5,72,Student has a A grade.
83,79,44,41,66,Student has a C grade.
68,51,39,37,18,Student has a F grade.
63,40,22,3,4,Student has a D grade.
64,54,14,4,94,Student has a A grade.
83,79,23,4,22,Student has a D grade.
76,29,24,23,29,Student has a B grade.
85,66,13,1,49,Student has a C grade.
84,81,49,7,65,Student has a C grade.
92,85,58,27,38,Student has a D grade.
93,81,73,48,26,Student has a F grade.
69,68,53,38,24,Student has a F grade.
70,32,14,12,82,Student has a A grade.
84,82,66,34,53,Student has a D grade.
69,60,55,22,11,Student has a F grade.
76,72,22,9,62,Student has a C grade.
64,59,54,12,14,Student has a D grade.
86,39,37,2,77,Student has a B grade.
70,31,25,3,52,Student has a B grade.
98,88,41,4,55,Student has a C grade.
95,81,36,13,30,Student has a D grade.
94,84,65,31,19,Student has a F grade.
93,28,15,12,5,Student has a F grade.
89,46,40,21,36,Student has a D grade.
96,69,34,11,76,Student has a B grade.
86,72,20,16,81,Student has a B grade.
64,25,12,5,85,Student has a A grade.
51,48,32,19,40,Student has a C grade.
47,33,10,6,42,Student has a B grade.
97,96,86,40,2,Student has a F grade.
97,89,47,31,89,Student has a B grade.
75,70,34,33,84,Student has a A grade.
69,55,52,29,48,Student has a D grade.
98,60,38,10,45,Student has a C grade.
100,90,28,24,12,Student has a F grade.
87,31,23,6,69,Student has a B grade.
72,59,55,14,53,Student has a D grade.
97,91,26,23,70,Student has a C grade.
96,52,47,29,55,Student has a B grade.
95,82,38,10,33,Student has a D grade.
63,35,10,3,70,Student has a A grade.
74,47,45,21,17,Student has a F grade.
79,67,55,48,8,Student has a F grade.
89,81,45,30,88,Student has a B grade.
68,52,24,7,4,Student has a F grade.
92,73,71,9,13,Student has a D grade.
93,77,73,42,31,Student has a F grade.
86,71,56,14,5,Student has a F grade.
70,51,45,35,84,Student has a A grade.
78,68,64,4,73,Student has a B grade.
92,78,53,36,20,Student has a F grade.
77,76,56,31,80,Student has a A grade.
96,70,48,7,96,Student has a A grade.
85,57,18,4,18,Student has a C grade.
96,58,57,17,57,Student has a C grade.
89,77,57,52,28,Student has a F grade.
80,65,59,56,22,Student has a F grade.
71,41,32,20,97,Student has a A grade.
85,78,56,35,26,Student has a F grade.
92,52,43,41,4,Student has a F grade.
89,64,52,36,52,Student has a C grade.
97,72,34,13,52,Student has a C grade.
83,67,52,48,79,Student has a B grade.
54,42,30,19,13,Student has a F grade.
92,86,36,30,74,Student has a C grade.
98,54,53,48,58,Student has a B grade.
98,42,41,40,30,Student has a F grade.
50,49,35,7,92,Student has a A grade.
79,65,46,6,40,Student has a D grade.
61,47,16,14,65,Student has a A grade.
98,68,17,16,52,Student has a C grade.
78,75,73,51,57,Student has a D grade.
86,70,29,27,37,Student has a C grade.
90,65,43,7,3,Student has a F grade.
93,39,17,7,60,Student has a B grade.
52,32,30,22,29,Student has a D grade.
73,62,46,42,92,Student has a A grade.
26,21,15,6,58,Student has a A grade.
69,36,32,7,7,Student has a D grade.
40,35,26,8,38,Student has a B grade.
79,52,37,3,4,Student has a D grade.
79,18,15,6,92,Student has a A grade.
94,85,84,53,22,Student has a F grade.
75,69,56,3,20,Student has a D grade.
93,64,50,42,82,Student has a B grade.
82,41,26,7,30,Student has a C grade.
69,66,46,19,31,Student has a D grade.
88,53,51,39,90,Student has a A grade.
79,50,42,1,40,Student has a D grade.
97,65,50,3,20,Student has a D grade.
97,90,36,24,80,Student has a C grade.
89,61,41,20,2,Student has a F grade.
98,95,22,4,92,Student has a C grade.
65,54,28,6,51,Student has a C grade.
70,57,56,21,22,Student has a D grade.
99,97,37,18,81,Student has a C grade.
78,45,20,1,73,Student has a B grade.
97,75,54,50,75,Student has a B grade.
48,43,31,9,6,Student has a F grade.
26,20,9,0,35,Student has a A grade.
77,73,46,0,28,Student has a D grade.
92,75,71,17,73,Student has a C grade.
100,27,16,10,99,Student has a B grade.
63,58,20,16,46,Student has a C grade.
80,40,39,5,46,Student has a B grade.
83,78,37,4,60,Student has a C grade.
92,88,68,2,41,Student has a D grade.
100,81,31,11,87,Student has a B grade.
92,54,51,5,43,Student has a D grade.
66,39,21,8,2,Student has a F grade.
46,34,30,15,40,Student has a B grade.
95,71,61,58,27,Student has a F grade.
75,60,28,16,4,Student has a F grade.
77,50,19,17,98,Student has a A grade.
95,85,70,49,29,Student has a F grade.
93,69,60,16,7,Student has a F grade.
89,88,37,15,62,Student has a C grade.
100,95,74,32,50,Student has a D grade.
86,81,34,15,22,Student has a D grade.
93,74,50,20,25,Student has a D grade.
99,85,83,2,100,Student has a A grade.
96,86,82,77,32,Student has a F grade.
54,44,29,7,15,Student has a D grade.
44,35,32,17,95,Student has a A grade.
70,52,49,22,96,Student has a A grade.
87,79,77,25,41,Student has a D grade.
73,72,47,14,23,Student has a D grade.
93,87,79,28,4,Student has a F grade.
96,43,41,17,49,Student has a B grade.
74,53,43,26,13,Student has a F grade.
97,57,54,29,29,Student has a D grade.
57,46,23,17,55,Student has a B grade.
99,67,36,4,3,Student has a F grade.
79,66,25,15,68,Student has a B grade.
68,36,7,1,61,Student has a B grade.
83,53,38,17,3,Student has a F grade.
98,63,58,52,30,Student has a F grade.
90,82,15,0,74,Student has a C grade.
90,62,42,10,44,Student has a C grade.
65,52,39,17,75,Student has a A grade.
56,46,31,24,30,Student has a D grade.
93,49,42,26,14,Student has a F grade.
97,74,37,0,88,Student has a B grade.
94,65,64,20,3,Student has a F grade.
88,72,62,14,17,Student has a D grade.
88,45,31,10,84,Student has a B grade.
62,20,13,12,58,Student has a B grade.
71,58,42,7,56,Student has a C grade.
97,85,82,30,29,Student has a F grade.
72,59,50,17,79,Student has a A grade.
34,25,9,0,18,Student has a C grade.
64,19,18,4,74,Student has a A grade.
65,45,30,2,54,Student has a B grade.
82,68,36,0,50,Student has a C grade.
96,90,52,26,68,Student has a C grade.
46,28,20,16,67,Student has a A grade.
77,64,25,22,58,Student has a C grade.
66,53,48,20,3,Student has a F grade.
60,57,44,10,6,Student has a F grade.
74,43,37,18,82,Student has a A grade.
91,89,88,53,39,Student has a F grade.
54,47,28,21,35,Student has a C grade.
95,66,49,10,52,Student has a C grade.
80,72,65,24,7,Student has a F grade.
98,58,53,13,82,Student has a B grade.
89,88,73,43,89,Student has a A grade.
100,80,74,30,68,Student has a D grade.
45,44,12,6,33,Student has a C grade.
82,77,25,6,91,Student has a A grade.
87,76,32,26,41,Student has a C grade.
78,61,53,20,47,Student has a D grade.
83,68,8,1,64,Student has a C grade.
54,46,29,16,54,Student has a A grade.
73,66,46,33,64,Student has a C grade.
85,59,36,27,41,Student has a C grade.
98,43,31,3,58,Student has a B grade.
89,55,48,14,85,Student has a B grade.
70,45,42,31,57,Student has a B grade.
78,42,27,14,90,Student has a A grade.
97,51,33,11,77,Student has a B grade.
53,27,15,14,83,Student has a A grade.
62,47,39,29,13,Student has a F grade.
64,51,41,4,4,Student has a D grade.
95,92,48,32,71,Student has a C grade.
90,55,9,2,26,Student has a C grade.
69,66,65,45,38,Student has a F grade.
89,65,48,25,99,Student has a A grade.
49,31,28,15,22,Student has a D grade.
93,62,49,0,71,Student has a B grade.
98,49,21,3,30,Student has a C grade.
100,96,34,28,22,Student has a F grade.
72,58,40,9,51,Student has a C grade.
97,93,25,12,49,Student has a C grade.
93,85,25,6,93,Student has a A grade.
76,44,33,21,51,Student has a B grade.
58,56,36,25,86,Student has a A grade.
97,94,71,2,1,Student has a F grade.
97,94,84,23,94,Student has a B grade.
99,67,30,24,62,Student has a C grade.
93,63,40,29,44,Student has a C grade.
89,88,15,1,36,Student has a C grade.
78,74,43,35,88,Student has a A grade.
97,45,42,19,69,Student has a B grade.
94,90,77,39,80,Student has a C grade.
88,83,66,15,97,Student has a A grade.
82,78,34,4,19,Student has a D grade.
88,78,64,35,25,Student has a F grade.
51,46,30,3,50,Student has a B grade.
82,18,12,7,47,Student has a B grade.
98,85,65,26,8,Student has a F grade.
97,21,15,4,83,Student has a B grade.
54,49,26,1,93,Student has a A grade.
80,55,28,10,65,Student has a B grade.
90,13,12,2,66,Student has a B grade.
93,82,70,59,86,Student has a B grade.
71,53,30,6,72,Student has a A grade.
87,53,50,25,40,Student has a D grade.
77,76,34,13,23,Student has a D grade.
98,37,30,17,10,Student has a F grade.
95,59,55,45,27,Student has a F grade.
51,34,32,6,50,Student has a B grade.
94,43,16,8,64,Student has a B grade.
78,58,57,23,66,Student has a B grade.
84,30,24,2,46,Student has a B grade.
55,25,23,2,100,Student has a A grade.
75,69,29,2,65,Student has a C grade.
89,77,70,30,53,Student has a D grade.
89,84,60,5,44,Student has a D grade.
60,50,19,14,56,Student has a B grade.
96,83,68,43,75,Student has a C grade.
90,58,57,50,33,Student has a F grade.
95,80,70,15,76,Student has a C grade.
64,51,24,7,42,Student has a C grade.
92,84,32,12,86,Student has a B grade.
88,64,44,7,11,Student has a D grade.
71,69,55,53,4,Student has a F grade.
78,50,6,2,31,Student has a C grade.
95,38,16,13,90,Student has a B grade.
83,80,31,4,19,Student has a D grade.
79,48,34,29,98,Student has a A grade.
82,69,11,5,77,Student has a B grade.
76,74,27,19,10,Student has a F grade.
54,48,33,24,81,Student has a A grade.
76,46,43,23,17,Student has a F grade.
89,37,21,3,47,Student has a B grade.
79,65,38,24,23,Student has a F grade.
67,66,52,21,72,Student has a A grade.
76,63,26,5,91,Student has a A grade.
95,48,38,12,17,Student has a D grade.
66,65,45,4,83,Student has a A grade.
97,37,12,11,21,Student has a C grade.
87,84,16,7,64,Student has a C grade.
91,59,51,40,23,Student has a F grade.
96,76,65,37,37,Student has a D grade.
93,61,43,28,26,Student has a F grade.
96,54,41,38,77,Student has a B grade.
79,73,62,55,47,Student has a F grade.
60,52,45,13,96,Student has a A grade.
91,57,20,15,92,Student has a A grade.
50,44,43,4,1,Student has a F grade.
84,78,64,11,19,Student has a D grade.
96,55,44,17,23,Student has a D grade.
33,26,20,10,51,Student has a A grade.
60,28,20,9,56,Student has a B grade.
82,71,68,11,83,Student has a A grade.
93,80,76,69,60,Student has a F grade.
75,41,11,6,70,Student has a B grade.
91,87,64,19,0,Student has a F grade.
95,93,42,9,41,Student has a D grade.
91,79,14,6,23,Student has a C grade.
75,29,25,3,35,Student has a B grade.
72,64,52,47,24,Student has a F grade.
93,72,53,21,21,Student has a D grade.
95,94,76,61,41,Student has a F grade.
78,29,21,13,6,Student has a F grade.
62,58,51,3,48,Student has a D grade.
93,86,11,3,31,Student has a C grade.
91,29,20,9,82,Student has a B grade.
97,48,35,8,20,Student has a D grade.
67,66,60,8,73,Student has a A grade.
87,86,24,2,95,Student has a A grade.
91,89,66,14,1,Student has a F grade.
94,73,67,60,15,Student has a F grade.
85,42,15,8,9,Student has a D grade.
60,43,41,31,99,Student has a A grade.
99,86,77,13,73,Student has a D grade.
92,46,39,8,28,Student has a D grade.
98,82,64,63,5,Student has a F grade.
69,21,19,17,85,Student has a A grade.
100,73,48,9,62,Student has a C grade.
82,40,33,10,50,Student has a B grade.
73,57,47,37,51,Student has a C grade.
59,58,43,10,92,Student has a A grade.
54,42,34,22,62,Student has a A grade.
88,68,26,3,0,Student has a F grade.
69,38,12,5,75,Student has a A grade.
62,46,45,37,41,Student has a D grade.
54,53,31,24,14,Student has a F grade.
74,68,57,4,98,Student has a A grade.
80,72,57,1,94,Student has a A grade.
61,58,36,28,53,Student has a C grade.
77,47,32,8,23,Student has a D grade.
71,38,36,14,49,Student has a B grade.
69,37,35,7,83,Student has a A grade.
92,90,71,7,33,Student has a D grade.
73,71,42,37,14,Student has a F grade.
77,66,51,11,87,Student has a A grade.
94,66,36,19,27,Student has a D grade.
93,86,85,82,72,Student has a F grade.
67,65,51,5,10,Student has a D grade.
99,78,28,5,35,Student has a C grade.
90,88,69,46,8,Student has a F grade.
84,74,16,11,36,Student has a C grade.
59,18,16,6,10,Student has a D grade.
82,68,18,15,49,Student has a C grade.
71,53,35,24,8,Student has a F grade.
79,66,34,5,84,Student has a A grade.
79,74,57,33,98,Student has a A grade.
75,64,48,4,1,Student has a F grade.
95,84,49,23,20,Student has a F grade.
69,46,35,31,61,Student has a B grade.
78,63,57,8,86,Student has a A grade.
94,66,46,18,41,Student has a D grade.
81,62,44,27,60,Student has a C grade.
70,53,34,24,27,Student has a D grade.
63,56,27,9,34,Student has a C grade.
94,39,37,22,98,Student has a A grade.
33,23,21,3,51,Student has a A grade.
97,72,68,32,88,Student has a B grade.
82,66,45,1,94,Student has a A grade.
66,64,60,41,10,Student has a F grade.
92,47,27,3,40,Student has a C grade.
72,63,32,26,75,Student has a A grade.
99,43,39,12,17,Student has a D grade.
96,93,71,47,4,Student has a F grade.
97,73,9,1,4,Student has a D grade.
70,67,35,25,53,Student has a C grade.
100,97,89,73,17,Student has a F grade.
56,48,20,9,95,Student has a A grade.
74,49,27,13,52,Student has a B grade.
85,51,42,14,29,Student has a D grade.
75,57,33,21,10,Student has a F grade.
63,52,27,5,61,Student has a B grade.
57,55,11,1,44,Student has a C grade.
70,39,19,11,25,Student has a C grade.
85,24,9,0,41,Student has a B grade.
68,67,19,4,11,Student has a D grade.
100,78,49,17,26,Student has a D grade.
88,69,9,6,8,Student has a D grade.
50,45,34,23,12,Student has a F grade.
46,31,18,16,55,Student has a A grade.
91,51,39,16,14,Student has a F grade.
95,71,13,0,26,Student has a C grade.
97,91,81,24,25,Student has a D grade.
78,53,10,8,3,Student has a F grade.
95,79,51,36,23,Student has a F grade.
96,95,42,13,97,Student has a A grade.
64,44,27,26,14,Student has a F grade.
91,73,31,6,95,Student has a A grade.
97,92,68,11,76,Student has a C grade.
83,56,50,12,35,Student has a D grade.
100,69,65,20,24,Student has a D grade.
55,54,53,6,77,Student has a A grade.
51,40,1,0,63,Student has a A grade.
55,44,30,22,78,Student has a A grade.
56,34,24,1,19,Student has a D grade.
100,61,45,37,9,Student has a F grade.
100,80,12,0,28,Student has a C grade.
78,45,28,24,45,Student has a B grade.
98,51,20,9,20,Student has a C grade.
67,11,7,6,84,Student has a A grade.
62,26,22,1,49,Student has a B grade.
97,91,27,11,69,Student has a C grade.
94,88,30,19,9,Student has a F grade.
49,35,28,1,25,Student has a D grade.
89,57,17,5,38,Student has a C grade.
72,71,43,27,91,Student has a A grade.
78,40,16,5,59,Student has a B grade.
100,97,77,68,28,Student has a F grade.
57,39,34,31,63,Student has a A grade.
96,92,74,26,83,Student has a C grade.
70,67,59,2,16,Student has a D grade.
88,60,32,16,57,Student has a C grade.
94,78,24,19,91,Student has a B grade.
70,41,16,5,44,Student has a B grade.
73,58,38,37,34,Student has a F grade.
89,56,22,14,77,Student has a B grade.
69,45,40,19,9,Student has a F grade.
15,14,6,2,47,Student has a A grade.
92,87,31,12,19,Student has a D grade.
77,71,31,12,58,Student has a C grade.
90,66,55,36,41,Student has a D grade.
84,73,45,44,13,Student has a F grade.
98,90,36,1,75,Student has a C grade.
99,97,56,5,50,Student has a D grade.
95,56,51,0,78,Student has a B grade.
85,62,43,23,36,Student has a D grade.
75,30,18,1,82,Student has a A grade.
62,31,28,7,27,Student has a D grade.
74,72,37,18,92,Student has a A grade.
93,43,16,0,93,Student has a A grade.
88,72,18,8,80,Student has a B grade.
32,27,26,16,35,Student has a A grade.
100,59,16,4,22,Student has a C grade.
93,46,37,5,32,Student has a D grade.
73,70,48,25,64,Student has a C grade.
100,82,49,35,75,Student has a C grade.
98,95,28,21,47,Student has a C grade.
82,73,49,12,44,Student has a D grade.
64,54,41,0,83,Student has a A grade.
39,34,29,19,2,Student has a F grade.
79,62,21,16,38,Student has a C grade.
92,42,38,12,80,Student has a B grade.
62,22,5,4,8,Student has a C grade.
59,49,12,4,80,Student has a A grade.
75,62,46,31,99,Student has a A grade.
65,32,24,7,44,Student has a B grade.
94,69,66,48,36,Student has a F grade.
49,18,16,12,57,Student has a A grade.
70,68,67,57,55,Student has a F grade.
83,66,46,4,92,Student has a A grade.
79,57,37,14,79,Student has a A grade.
77,28,16,1,14,Student has a D grade.
94,93,92,73,77,Student has a D grade.
81,76,70,60,27,Student has a F grade.
84,55,36,17,59,Student has a B grade.
87,67,65,59,80,Student has a B grade.
78,74,23,10,4,Student has a F grade.
84,64,52,46,46,Student has a D grade.
86,72,67,60,8,Student has a F grade.
89,69,43,41,61,Student has a C grade.
83,77,35,7,51,Student has a C grade.
75,32,20,14,27,Student has a C grade.
98,83,64,33,84,Student has a B grade.
82,59,44,32,50,Student has a C grade.
100,78,19,15,4,Student has a F grade.
81,64,47,1,89,Student has a A grade.
96,37,21,19,14,Student has a F grade.
77,65,41,11,28,Student has a D grade.
90,42,18,16,39,Student has a C grade.
96,90,68,15,77,Student has a C grade.
72,57,38,15,96,Student has a A grade.
93,46,34,25,53,Student has a B grade.
82,65,56,55,28,Student has a F grade.
88,81,75,46,87,Student has a B grade.
60,31,21,5,19,Student has a D grade.
96,78,61,58,33,Student has a F grade.
97,90,54,41,1,Student has a F grade.
77,24,23,12,39,Student has a B grade.
95,80,75,23,79,Student has a C grade.
96,86,49,8,19,Student has a D grade.
97,83,65,19,53,Student has a D grade.
98,49,27,23,51,Student has a B grade.
66,43,29,24,42,Student has a C grade.
80,25,23,5,22,Student has a D grade.
93,91,65,50,38,Student has a F grade.
92,82,59,10,40,Student has a D grade.
96,87,63,29,82,Student has a C grade.
75,71,56,32,12,Student has a F grade.
97,74,58,54,63,Student has a C grade.
91,89,2,1,54,Student has a C grade.
74,27,24,9,65,Student has a B grade.
96,91,62,3,65,Student has a C grade.
84,79,58,3,70,Student has a C grade.
81,42,34,24,72,Student has a B grade.
92,75,24,3,20,Student has a D grade.
77,62,44,17,96,Student has a A grade.
73,35,22,21,55,Student has a B grade.
89,42,34,7,59,Student has a B grade.
82,80,11,8,80,Student has a B grade.
53,41,24,18,95,Student has a A grade.
82,70,69,33,13,Student has a F grade.
61,53,48,39,49,Student has a C grade.
50,32,17,14,6,Student has a F grade.
93,44,20,4,75,Student has a B grade.
87,52,44,1,9,Student has a D grade.
95,39,17,12,47,Student has a B grade.
29,15,7,3,31,Student has a A grade.
30,18,17,6,7,Student has a D grade.
78,68,51,16,25,Student has a D grade.
88,28,13,1,71,Student has a B grade.
69,65,64,37,43,Student has a D grade.
98,97,6,2,68,Student has a C grade.
87,64,23,8,65,Student has a B grade.
84,74,65,13,39,Student has a D grade.
91,87,69,5,82,Student has a C grade.
56,39,29,19,91,Student has a A grade.
100,67,45,37,35,Student has a F grade.
70,50,48,19,90,Student has a A grade.
69,63,60,23,14,Student has a F grade.
46,42,33,13,52,Student has a A grade.
42,34,5,2,42,Student has a A grade.
